Farmer_unique_code,display_field_id,Enrollment_date,start,end,SubmissionDate,Implementing_partner_s,state_IPs
FARMER001,FIELD001,2024-05-01,2024-04-30,2024-05-01,2024-05-01,PartnerA,Gujarat
FARMER002,FIELD002,2024-05-02,2024-04-30,2024-05-02,2024-05-02,PartnerB,Haryana
FARMER003,FIELD003,2024-05-03,2024-05-01,2024-05-03,2024-05-03,PartnerA,Uttar Pradesh
FARMER004,FIELD004,2024-05-04,2024-05-02,2024-05-04,2024-05-04,PartnerC,Gujarat
FARMER005,FIELD005,2024-05-05,2024-05-03,2024-05-05,2024-05-05,PartnerB,Haryana
FARMER006,FIELD006,2024-05-06,2024-05-03,2024-05-06,2024-05-06,PartnerA,Rajasthan
FARMER007,FIELD007,2024-05-07,2024-05-04,2024-05-07,2024-05-07,PartnerC,Gujarat
FARMER008,FIELD008,2024-05-08,2024-05-05,2024-05-08,2024-05-08,PartnerA,Haryana
FARMER009,FIELD009,2024-05-09,2024-05-06,2024-05-09,2024-05-09,PartnerB,Madhya Pradesh
FARMER010,FIELD010,2024-05-10,2024-05-07,2024-05-10,2024-05-10,PartnerA,Maharashtra
FARMER011,FIELD011,2024-05-11,2024-05-08,2024-05-11,2024-05-11,PartnerC,Gujarat
FARMER012,FIELD012,2024-05-12,2024-05-09,2024-05-12,2024-05-12,PartnerA,Haryana
FARMER013,FIELD013,2024-05-13,2024-05-10,2024-05-13,2024-05-13,PartnerB,Uttar Pradesh
FARMER014,FIELD014,2024-05-14,2024-05-11,2024-05-14,2024-05-14,PartnerA,Maharashtra
FARMER015,FIELD015,2024-05-15,2024-05-12,2024-05-15,2024-05-15,PartnerC,Gujarat
FARMER016,FIELD016,2024-05-16,2024-05-13,2024-05-16,2024-05-16,PartnerA,Haryana
FARMER017,FIELD017,2024-05-17,2024-05-14,2024-05-17,2024-05-17,PartnerB,Madhya Pradesh
FARMER018,FIELD018,2024-05-18,2024-05-15,2024-05-18,2024-05-18,PartnerA,Gujarat
FARMER019,FIELD019,2024-05-19,2024-05-16,2024-05-19,2024-05-19,PartnerC,Haryana
FARMER020,FIELD020,2024-05-20,2024-05-17,2024-05-20,2024-05-20,PartnerB,Rajasthan
